case_id,profile,n,queries,runs,hit_rate_pct,data_gap,data_gap_jitter,query_stride,threads,csv_path,status
1,n1000000_q512_h100_dense_g1_j0_s1_t16,1000000,512,7,100,1,0,1,16,/mnt/external-nvme/BUGBOUNTY/DRIVER_ANALYSIS/NOT_STISLA/bench_results/perf_matrix_20260425T102620Z/1_n1000000_q512_h100_dense_g1_j0_s1_t16.csv,ok
2,n1000000_q512_h100_dense_g1_j0_s17_t16,1000000,512,7,100,1,0,17,16,/mnt/external-nvme/BUGBOUNTY/DRIVER_ANALYSIS/NOT_STISLA/bench_results/perf_matrix_20260425T102620Z/2_n1000000_q512_h100_dense_g1_j0_s17_t16.csv,ok
3,n1000000_q512_h100_dense_g1_j0_s257_t16,1000000,512,7,100,1,0,257,16,/mnt/external-nvme/BUGBOUNTY/DRIVER_ANALYSIS/NOT_STISLA/bench_results/perf_matrix_20260425T102620Z/3_n1000000_q512_h100_dense_g1_j0_s257_t16.csv,ok
4,n1000000_q512_h100_sparse_g16_j0_s1_t16,1000000,512,7,100,16,0,1,16,/mnt/external-nvme/BUGBOUNTY/DRIVER_ANALYSIS/NOT_STISLA/bench_results/perf_matrix_20260425T102620Z/4_n1000000_q512_h100_sparse_g16_j0_s1_t16.csv,ok
5,n1000000_q512_h100_sparse_g16_j0_s17_t16,1000000,512,7,100,16,0,17,16,/mnt/external-nvme/BUGBOUNTY/DRIVER_ANALYSIS/NOT_STISLA/bench_results/perf_matrix_20260425T102620Z/5_n1000000_q512_h100_sparse_g16_j0_s17_t16.csv,ok
6,n1000000_q512_h100_sparse_g16_j0_s257_t16,1000000,512,7,100,16,0,257,16,/mnt/external-nvme/BUGBOUNTY/DRIVER_ANALYSIS/NOT_STISLA/bench_results/perf_matrix_20260425T102620Z/6_n1000000_q512_h100_sparse_g16_j0_s257_t16.csv,ok
7,n1000000_q512_h100_jitter_g8_j8_s1_t16,1000000,512,7,100,8,8,1,16,/mnt/external-nvme/BUGBOUNTY/DRIVER_ANALYSIS/NOT_STISLA/bench_results/perf_matrix_20260425T102620Z/7_n1000000_q512_h100_jitter_g8_j8_s1_t16.csv,ok
8,n1000000_q512_h100_jitter_g8_j8_s17_t16,1000000,512,7,100,8,8,17,16,/mnt/external-nvme/BUGBOUNTY/DRIVER_ANALYSIS/NOT_STISLA/bench_results/perf_matrix_20260425T102620Z/8_n1000000_q512_h100_jitter_g8_j8_s17_t16.csv,ok
9,n1000000_q512_h100_jitter_g8_j8_s257_t16,1000000,512,7,100,8,8,257,16,/mnt/external-nvme/BUGBOUNTY/DRIVER_ANALYSIS/NOT_STISLA/bench_results/perf_matrix_20260425T102620Z/9_n1000000_q512_h100_jitter_g8_j8_s257_t16.csv,ok
10,n1000000_q512_h75_dense_g1_j0_s1_t16,1000000,512,7,75,1,0,1,16,/mnt/external-nvme/BUGBOUNTY/DRIVER_ANALYSIS/NOT_STISLA/bench_results/perf_matrix_20260425T102620Z/10_n1000000_q512_h75_dense_g1_j0_s1_t16.csv,ok
11,n1000000_q512_h75_dense_g1_j0_s17_t16,1000000,512,7,75,1,0,17,16,/mnt/external-nvme/BUGBOUNTY/DRIVER_ANALYSIS/NOT_STISLA/bench_results/perf_matrix_20260425T102620Z/11_n1000000_q512_h75_dense_g1_j0_s17_t16.csv,ok
12,n1000000_q512_h75_dense_g1_j0_s257_t16,1000000,512,7,75,1,0,257,16,/mnt/external-nvme/BUGBOUNTY/DRIVER_ANALYSIS/NOT_STISLA/bench_results/perf_matrix_20260425T102620Z/12_n1000000_q512_h75_dense_g1_j0_s257_t16.csv,ok
13,n1000000_q512_h75_sparse_g16_j0_s1_t16,1000000,512,7,75,16,0,1,16,/mnt/external-nvme/BUGBOUNTY/DRIVER_ANALYSIS/NOT_STISLA/bench_results/perf_matrix_20260425T102620Z/13_n1000000_q512_h75_sparse_g16_j0_s1_t16.csv,ok
14,n1000000_q512_h75_sparse_g16_j0_s17_t16,1000000,512,7,75,16,0,17,16,/mnt/external-nvme/BUGBOUNTY/DRIVER_ANALYSIS/NOT_STISLA/bench_results/perf_matrix_20260425T102620Z/14_n1000000_q512_h75_sparse_g16_j0_s17_t16.csv,ok
15,n1000000_q512_h75_sparse_g16_j0_s257_t16,1000000,512,7,75,16,0,257,16,/mnt/external-nvme/BUGBOUNTY/DRIVER_ANALYSIS/NOT_STISLA/bench_results/perf_matrix_20260425T102620Z/15_n1000000_q512_h75_sparse_g16_j0_s257_t16.csv,ok
16,n1000000_q512_h75_jitter_g8_j8_s1_t16,1000000,512,7,75,8,8,1,16,/mnt/external-nvme/BUGBOUNTY/DRIVER_ANALYSIS/NOT_STISLA/bench_results/perf_matrix_20260425T102620Z/16_n1000000_q512_h75_jitter_g8_j8_s1_t16.csv,ok
17,n1000000_q512_h75_jitter_g8_j8_s17_t16,1000000,512,7,75,8,8,17,16,/mnt/external-nvme/BUGBOUNTY/DRIVER_ANALYSIS/NOT_STISLA/bench_results/perf_matrix_20260425T102620Z/17_n1000000_q512_h75_jitter_g8_j8_s17_t16.csv,ok
18,n1000000_q512_h75_jitter_g8_j8_s257_t16,1000000,512,7,75,8,8,257,16,/mnt/external-nvme/BUGBOUNTY/DRIVER_ANALYSIS/NOT_STISLA/bench_results/perf_matrix_20260425T102620Z/18_n1000000_q512_h75_jitter_g8_j8_s257_t16.csv,ok
19,n1000000_q512_h50_dense_g1_j0_s1_t16,1000000,512,7,50,1,0,1,16,/mnt/external-nvme/BUGBOUNTY/DRIVER_ANALYSIS/NOT_STISLA/bench_results/perf_matrix_20260425T102620Z/19_n1000000_q512_h50_dense_g1_j0_s1_t16.csv,ok
20,n1000000_q512_h50_dense_g1_j0_s17_t16,1000000,512,7,50,1,0,17,16,/mnt/external-nvme/BUGBOUNTY/DRIVER_ANALYSIS/NOT_STISLA/bench_results/perf_matrix_20260425T102620Z/20_n1000000_q512_h50_dense_g1_j0_s17_t16.csv,ok
21,n1000000_q512_h50_dense_g1_j0_s257_t16,1000000,512,7,50,1,0,257,16,/mnt/external-nvme/BUGBOUNTY/DRIVER_ANALYSIS/NOT_STISLA/bench_results/perf_matrix_20260425T102620Z/21_n1000000_q512_h50_dense_g1_j0_s257_t16.csv,ok
22,n1000000_q512_h50_sparse_g16_j0_s1_t16,1000000,512,7,50,16,0,1,16,/mnt/external-nvme/BUGBOUNTY/DRIVER_ANALYSIS/NOT_STISLA/bench_results/perf_matrix_20260425T102620Z/22_n1000000_q512_h50_sparse_g16_j0_s1_t16.csv,ok
23,n1000000_q512_h50_sparse_g16_j0_s17_t16,1000000,512,7,50,16,0,17,16,/mnt/external-nvme/BUGBOUNTY/DRIVER_ANALYSIS/NOT_STISLA/bench_results/perf_matrix_20260425T102620Z/23_n1000000_q512_h50_sparse_g16_j0_s17_t16.csv,ok
24,n1000000_q512_h50_sparse_g16_j0_s257_t16,1000000,512,7,50,16,0,257,16,/mnt/external-nvme/BUGBOUNTY/DRIVER_ANALYSIS/NOT_STISLA/bench_results/perf_matrix_20260425T102620Z/24_n1000000_q512_h50_sparse_g16_j0_s257_t16.csv,ok
25,n1000000_q512_h50_jitter_g8_j8_s1_t16,1000000,512,7,50,8,8,1,16,/mnt/external-nvme/BUGBOUNTY/DRIVER_ANALYSIS/NOT_STISLA/bench_results/perf_matrix_20260425T102620Z/25_n1000000_q512_h50_jitter_g8_j8_s1_t16.csv,ok
26,n1000000_q512_h50_jitter_g8_j8_s17_t16,1000000,512,7,50,8,8,17,16,/mnt/external-nvme/BUGBOUNTY/DRIVER_ANALYSIS/NOT_STISLA/bench_results/perf_matrix_20260425T102620Z/26_n1000000_q512_h50_jitter_g8_j8_s17_t16.csv,ok
27,n1000000_q512_h50_jitter_g8_j8_s257_t16,1000000,512,7,50,8,8,257,16,/mnt/external-nvme/BUGBOUNTY/DRIVER_ANALYSIS/NOT_STISLA/bench_results/perf_matrix_20260425T102620Z/27_n1000000_q512_h50_jitter_g8_j8_s257_t16.csv,ok
28,n1000000_q512_h25_dense_g1_j0_s1_t16,1000000,512,7,25,1,0,1,16,/mnt/external-nvme/BUGBOUNTY/DRIVER_ANALYSIS/NOT_STISLA/bench_results/perf_matrix_20260425T102620Z/28_n1000000_q512_h25_dense_g1_j0_s1_t16.csv,ok
29,n1000000_q512_h25_dense_g1_j0_s17_t16,1000000,512,7,25,1,0,17,16,/mnt/external-nvme/BUGBOUNTY/DRIVER_ANALYSIS/NOT_STISLA/bench_results/perf_matrix_20260425T102620Z/29_n1000000_q512_h25_dense_g1_j0_s17_t16.csv,ok
30,n1000000_q512_h25_dense_g1_j0_s257_t16,1000000,512,7,25,1,0,257,16,/mnt/external-nvme/BUGBOUNTY/DRIVER_ANALYSIS/NOT_STISLA/bench_results/perf_matrix_20260425T102620Z/30_n1000000_q512_h25_dense_g1_j0_s257_t16.csv,ok
31,n1000000_q512_h25_sparse_g16_j0_s1_t16,1000000,512,7,25,16,0,1,16,/mnt/external-nvme/BUGBOUNTY/DRIVER_ANALYSIS/NOT_STISLA/bench_results/perf_matrix_20260425T102620Z/31_n1000000_q512_h25_sparse_g16_j0_s1_t16.csv,ok
32,n1000000_q512_h25_sparse_g16_j0_s17_t16,1000000,512,7,25,16,0,17,16,/mnt/external-nvme/BUGBOUNTY/DRIVER_ANALYSIS/NOT_STISLA/bench_results/perf_matrix_20260425T102620Z/32_n1000000_q512_h25_sparse_g16_j0_s17_t16.csv,ok
33,n1000000_q512_h25_sparse_g16_j0_s257_t16,1000000,512,7,25,16,0,257,16,/mnt/external-nvme/BUGBOUNTY/DRIVER_ANALYSIS/NOT_STISLA/bench_results/perf_matrix_20260425T102620Z/33_n1000000_q512_h25_sparse_g16_j0_s257_t16.csv,ok
34,n1000000_q512_h25_jitter_g8_j8_s1_t16,1000000,512,7,25,8,8,1,16,/mnt/external-nvme/BUGBOUNTY/DRIVER_ANALYSIS/NOT_STISLA/bench_results/perf_matrix_20260425T102620Z/34_n1000000_q512_h25_jitter_g8_j8_s1_t16.csv,ok
35,n1000000_q512_h25_jitter_g8_j8_s17_t16,1000000,512,7,25,8,8,17,16,/mnt/external-nvme/BUGBOUNTY/DRIVER_ANALYSIS/NOT_STISLA/bench_results/perf_matrix_20260425T102620Z/35_n1000000_q512_h25_jitter_g8_j8_s17_t16.csv,ok
36,n1000000_q512_h25_jitter_g8_j8_s257_t16,1000000,512,7,25,8,8,257,16,/mnt/external-nvme/BUGBOUNTY/DRIVER_ANALYSIS/NOT_STISLA/bench_results/perf_matrix_20260425T102620Z/36_n1000000_q512_h25_jitter_g8_j8_s257_t16.csv,ok
37,n1000000_q512_h0_dense_g1_j0_s1_t16,1000000,512,7,0,1,0,1,16,/mnt/external-nvme/BUGBOUNTY/DRIVER_ANALYSIS/NOT_STISLA/bench_results/perf_matrix_20260425T102620Z/37_n1000000_q512_h0_dense_g1_j0_s1_t16.csv,ok
38,n1000000_q512_h0_dense_g1_j0_s17_t16,1000000,512,7,0,1,0,17,16,/mnt/external-nvme/BUGBOUNTY/DRIVER_ANALYSIS/NOT_STISLA/bench_results/perf_matrix_20260425T102620Z/38_n1000000_q512_h0_dense_g1_j0_s17_t16.csv,ok
39,n1000000_q512_h0_dense_g1_j0_s257_t16,1000000,512,7,0,1,0,257,16,/mnt/external-nvme/BUGBOUNTY/DRIVER_ANALYSIS/NOT_STISLA/bench_results/perf_matrix_20260425T102620Z/39_n1000000_q512_h0_dense_g1_j0_s257_t16.csv,ok
40,n1000000_q512_h0_sparse_g16_j0_s1_t16,1000000,512,7,0,16,0,1,16,/mnt/external-nvme/BUGBOUNTY/DRIVER_ANALYSIS/NOT_STISLA/bench_results/perf_matrix_20260425T102620Z/40_n1000000_q512_h0_sparse_g16_j0_s1_t16.csv,ok
41,n1000000_q512_h0_sparse_g16_j0_s17_t16,1000000,512,7,0,16,0,17,16,/mnt/external-nvme/BUGBOUNTY/DRIVER_ANALYSIS/NOT_STISLA/bench_results/perf_matrix_20260425T102620Z/41_n1000000_q512_h0_sparse_g16_j0_s17_t16.csv,ok
42,n1000000_q512_h0_sparse_g16_j0_s257_t16,1000000,512,7,0,16,0,257,16,/mnt/external-nvme/BUGBOUNTY/DRIVER_ANALYSIS/NOT_STISLA/bench_results/perf_matrix_20260425T102620Z/42_n1000000_q512_h0_sparse_g16_j0_s257_t16.csv,ok
43,n1000000_q512_h0_jitter_g8_j8_s1_t16,1000000,512,7,0,8,8,1,16,/mnt/external-nvme/BUGBOUNTY/DRIVER_ANALYSIS/NOT_STISLA/bench_results/perf_matrix_20260425T102620Z/43_n1000000_q512_h0_jitter_g8_j8_s1_t16.csv,ok
44,n1000000_q512_h0_jitter_g8_j8_s17_t16,1000000,512,7,0,8,8,17,16,/mnt/external-nvme/BUGBOUNTY/DRIVER_ANALYSIS/NOT_STISLA/bench_results/perf_matrix_20260425T102620Z/44_n1000000_q512_h0_jitter_g8_j8_s17_t16.csv,ok
45,n1000000_q512_h0_jitter_g8_j8_s257_t16,1000000,512,7,0,8,8,257,16,/mnt/external-nvme/BUGBOUNTY/DRIVER_ANALYSIS/NOT_STISLA/bench_results/perf_matrix_20260425T102620Z/45_n1000000_q512_h0_jitter_g8_j8_s257_t16.csv,ok
46,n1000000_q8192_h100_dense_g1_j0_s1_t16,1000000,8192,7,100,1,0,1,16,/mnt/external-nvme/BUGBOUNTY/DRIVER_ANALYSIS/NOT_STISLA/bench_results/perf_matrix_20260425T102620Z/46_n1000000_q8192_h100_dense_g1_j0_s1_t16.csv,ok
47,n1000000_q8192_h100_dense_g1_j0_s17_t16,1000000,8192,7,100,1,0,17,16,/mnt/external-nvme/BUGBOUNTY/DRIVER_ANALYSIS/NOT_STISLA/bench_results/perf_matrix_20260425T102620Z/47_n1000000_q8192_h100_dense_g1_j0_s17_t16.csv,ok
48,n1000000_q8192_h100_dense_g1_j0_s257_t16,1000000,8192,7,100,1,0,257,16,/mnt/external-nvme/BUGBOUNTY/DRIVER_ANALYSIS/NOT_STISLA/bench_results/perf_matrix_20260425T102620Z/48_n1000000_q8192_h100_dense_g1_j0_s257_t16.csv,ok
49,n1000000_q8192_h100_sparse_g16_j0_s1_t16,1000000,8192,7,100,16,0,1,16,/mnt/external-nvme/BUGBOUNTY/DRIVER_ANALYSIS/NOT_STISLA/bench_results/perf_matrix_20260425T102620Z/49_n1000000_q8192_h100_sparse_g16_j0_s1_t16.csv,ok
50,n1000000_q8192_h100_sparse_g16_j0_s17_t16,1000000,8192,7,100,16,0,17,16,/mnt/external-nvme/BUGBOUNTY/DRIVER_ANALYSIS/NOT_STISLA/bench_results/perf_matrix_20260425T102620Z/50_n1000000_q8192_h100_sparse_g16_j0_s17_t16.csv,ok
51,n1000000_q8192_h100_sparse_g16_j0_s257_t16,1000000,8192,7,100,16,0,257,16,/mnt/external-nvme/BUGBOUNTY/DRIVER_ANALYSIS/NOT_STISLA/bench_results/perf_matrix_20260425T102620Z/51_n1000000_q8192_h100_sparse_g16_j0_s257_t16.csv,ok
52,n1000000_q8192_h100_jitter_g8_j8_s1_t16,1000000,8192,7,100,8,8,1,16,/mnt/external-nvme/BUGBOUNTY/DRIVER_ANALYSIS/NOT_STISLA/bench_results/perf_matrix_20260425T102620Z/52_n1000000_q8192_h100_jitter_g8_j8_s1_t16.csv,ok
53,n1000000_q8192_h100_jitter_g8_j8_s17_t16,1000000,8192,7,100,8,8,17,16,/mnt/external-nvme/BUGBOUNTY/DRIVER_ANALYSIS/NOT_STISLA/bench_results/perf_matrix_20260425T102620Z/53_n1000000_q8192_h100_jitter_g8_j8_s17_t16.csv,ok
54,n1000000_q8192_h100_jitter_g8_j8_s257_t16,1000000,8192,7,100,8,8,257,16,/mnt/external-nvme/BUGBOUNTY/DRIVER_ANALYSIS/NOT_STISLA/bench_results/perf_matrix_20260425T102620Z/54_n1000000_q8192_h100_jitter_g8_j8_s257_t16.csv,ok
55,n1000000_q8192_h75_dense_g1_j0_s1_t16,1000000,8192,7,75,1,0,1,16,/mnt/external-nvme/BUGBOUNTY/DRIVER_ANALYSIS/NOT_STISLA/bench_results/perf_matrix_20260425T102620Z/55_n1000000_q8192_h75_dense_g1_j0_s1_t16.csv,ok
56,n1000000_q8192_h75_dense_g1_j0_s17_t16,1000000,8192,7,75,1,0,17,16,/mnt/external-nvme/BUGBOUNTY/DRIVER_ANALYSIS/NOT_STISLA/bench_results/perf_matrix_20260425T102620Z/56_n1000000_q8192_h75_dense_g1_j0_s17_t16.csv,ok
57,n1000000_q8192_h75_dense_g1_j0_s257_t16,1000000,8192,7,75,1,0,257,16,/mnt/external-nvme/BUGBOUNTY/DRIVER_ANALYSIS/NOT_STISLA/bench_results/perf_matrix_20260425T102620Z/57_n1000000_q8192_h75_dense_g1_j0_s257_t16.csv,ok
58,n1000000_q8192_h75_sparse_g16_j0_s1_t16,1000000,8192,7,75,16,0,1,16,/mnt/external-nvme/BUGBOUNTY/DRIVER_ANALYSIS/NOT_STISLA/bench_results/perf_matrix_20260425T102620Z/58_n1000000_q8192_h75_sparse_g16_j0_s1_t16.csv,ok
59,n1000000_q8192_h75_sparse_g16_j0_s17_t16,1000000,8192,7,75,16,0,17,16,/mnt/external-nvme/BUGBOUNTY/DRIVER_ANALYSIS/NOT_STISLA/bench_results/perf_matrix_20260425T102620Z/59_n1000000_q8192_h75_sparse_g16_j0_s17_t16.csv,ok
60,n1000000_q8192_h75_sparse_g16_j0_s257_t16,1000000,8192,7,75,16,0,257,16,/mnt/external-nvme/BUGBOUNTY/DRIVER_ANALYSIS/NOT_STISLA/bench_results/perf_matrix_20260425T102620Z/60_n1000000_q8192_h75_sparse_g16_j0_s257_t16.csv,ok
61,n1000000_q8192_h75_jitter_g8_j8_s1_t16,1000000,8192,7,75,8,8,1,16,/mnt/external-nvme/BUGBOUNTY/DRIVER_ANALYSIS/NOT_STISLA/bench_results/perf_matrix_20260425T102620Z/61_n1000000_q8192_h75_jitter_g8_j8_s1_t16.csv,ok
62,n1000000_q8192_h75_jitter_g8_j8_s17_t16,1000000,8192,7,75,8,8,17,16,/mnt/external-nvme/BUGBOUNTY/DRIVER_ANALYSIS/NOT_STISLA/bench_results/perf_matrix_20260425T102620Z/62_n1000000_q8192_h75_jitter_g8_j8_s17_t16.csv,ok
63,n1000000_q8192_h75_jitter_g8_j8_s257_t16,1000000,8192,7,75,8,8,257,16,/mnt/external-nvme/BUGBOUNTY/DRIVER_ANALYSIS/NOT_STISLA/bench_results/perf_matrix_20260425T102620Z/63_n1000000_q8192_h75_jitter_g8_j8_s257_t16.csv,ok
64,n1000000_q8192_h50_dense_g1_j0_s1_t16,1000000,8192,7,50,1,0,1,16,/mnt/external-nvme/BUGBOUNTY/DRIVER_ANALYSIS/NOT_STISLA/bench_results/perf_matrix_20260425T102620Z/64_n1000000_q8192_h50_dense_g1_j0_s1_t16.csv,ok
65,n1000000_q8192_h50_dense_g1_j0_s17_t16,1000000,8192,7,50,1,0,17,16,/mnt/external-nvme/BUGBOUNTY/DRIVER_ANALYSIS/NOT_STISLA/bench_results/perf_matrix_20260425T102620Z/65_n1000000_q8192_h50_dense_g1_j0_s17_t16.csv,ok
66,n1000000_q8192_h50_dense_g1_j0_s257_t16,1000000,8192,7,50,1,0,257,16,/mnt/external-nvme/BUGBOUNTY/DRIVER_ANALYSIS/NOT_STISLA/bench_results/perf_matrix_20260425T102620Z/66_n1000000_q8192_h50_dense_g1_j0_s257_t16.csv,ok
67,n1000000_q8192_h50_sparse_g16_j0_s1_t16,1000000,8192,7,50,16,0,1,16,/mnt/external-nvme/BUGBOUNTY/DRIVER_ANALYSIS/NOT_STISLA/bench_results/perf_matrix_20260425T102620Z/67_n1000000_q8192_h50_sparse_g16_j0_s1_t16.csv,ok
68,n1000000_q8192_h50_sparse_g16_j0_s17_t16,1000000,8192,7,50,16,0,17,16,/mnt/external-nvme/BUGBOUNTY/DRIVER_ANALYSIS/NOT_STISLA/bench_results/perf_matrix_20260425T102620Z/68_n1000000_q8192_h50_sparse_g16_j0_s17_t16.csv,ok
69,n1000000_q8192_h50_sparse_g16_j0_s257_t16,1000000,8192,7,50,16,0,257,16,/mnt/external-nvme/BUGBOUNTY/DRIVER_ANALYSIS/NOT_STISLA/bench_results/perf_matrix_20260425T102620Z/69_n1000000_q8192_h50_sparse_g16_j0_s257_t16.csv,ok
70,n1000000_q8192_h50_jitter_g8_j8_s1_t16,1000000,8192,7,50,8,8,1,16,/mnt/external-nvme/BUGBOUNTY/DRIVER_ANALYSIS/NOT_STISLA/bench_results/perf_matrix_20260425T102620Z/70_n1000000_q8192_h50_jitter_g8_j8_s1_t16.csv,ok
71,n1000000_q8192_h50_jitter_g8_j8_s17_t16,1000000,8192,7,50,8,8,17,16,/mnt/external-nvme/BUGBOUNTY/DRIVER_ANALYSIS/NOT_STISLA/bench_results/perf_matrix_20260425T102620Z/71_n1000000_q8192_h50_jitter_g8_j8_s17_t16.csv,ok
72,n1000000_q8192_h50_jitter_g8_j8_s257_t16,1000000,8192,7,50,8,8,257,16,/mnt/external-nvme/BUGBOUNTY/DRIVER_ANALYSIS/NOT_STISLA/bench_results/perf_matrix_20260425T102620Z/72_n1000000_q8192_h50_jitter_g8_j8_s257_t16.csv,ok
73,n1000000_q8192_h25_dense_g1_j0_s1_t16,1000000,8192,7,25,1,0,1,16,/mnt/external-nvme/BUGBOUNTY/DRIVER_ANALYSIS/NOT_STISLA/bench_results/perf_matrix_20260425T102620Z/73_n1000000_q8192_h25_dense_g1_j0_s1_t16.csv,ok
74,n1000000_q8192_h25_dense_g1_j0_s17_t16,1000000,8192,7,25,1,0,17,16,/mnt/external-nvme/BUGBOUNTY/DRIVER_ANALYSIS/NOT_STISLA/bench_results/perf_matrix_20260425T102620Z/74_n1000000_q8192_h25_dense_g1_j0_s17_t16.csv,ok
75,n1000000_q8192_h25_dense_g1_j0_s257_t16,1000000,8192,7,25,1,0,257,16,/mnt/external-nvme/BUGBOUNTY/DRIVER_ANALYSIS/NOT_STISLA/bench_results/perf_matrix_20260425T102620Z/75_n1000000_q8192_h25_dense_g1_j0_s257_t16.csv,ok
76,n1000000_q8192_h25_sparse_g16_j0_s1_t16,1000000,8192,7,25,16,0,1,16,/mnt/external-nvme/BUGBOUNTY/DRIVER_ANALYSIS/NOT_STISLA/bench_results/perf_matrix_20260425T102620Z/76_n1000000_q8192_h25_sparse_g16_j0_s1_t16.csv,ok
77,n1000000_q8192_h25_sparse_g16_j0_s17_t16,1000000,8192,7,25,16,0,17,16,/mnt/external-nvme/BUGBOUNTY/DRIVER_ANALYSIS/NOT_STISLA/bench_results/perf_matrix_20260425T102620Z/77_n1000000_q8192_h25_sparse_g16_j0_s17_t16.csv,ok
78,n1000000_q8192_h25_sparse_g16_j0_s257_t16,1000000,8192,7,25,16,0,257,16,/mnt/external-nvme/BUGBOUNTY/DRIVER_ANALYSIS/NOT_STISLA/bench_results/perf_matrix_20260425T102620Z/78_n1000000_q8192_h25_sparse_g16_j0_s257_t16.csv,ok
79,n1000000_q8192_h25_jitter_g8_j8_s1_t16,1000000,8192,7,25,8,8,1,16,/mnt/external-nvme/BUGBOUNTY/DRIVER_ANALYSIS/NOT_STISLA/bench_results/perf_matrix_20260425T102620Z/79_n1000000_q8192_h25_jitter_g8_j8_s1_t16.csv,ok
80,n1000000_q8192_h25_jitter_g8_j8_s17_t16,1000000,8192,7,25,8,8,17,16,/mnt/external-nvme/BUGBOUNTY/DRIVER_ANALYSIS/NOT_STISLA/bench_results/perf_matrix_20260425T102620Z/80_n1000000_q8192_h25_jitter_g8_j8_s17_t16.csv,ok
81,n1000000_q8192_h25_jitter_g8_j8_s257_t16,1000000,8192,7,25,8,8,257,16,/mnt/external-nvme/BUGBOUNTY/DRIVER_ANALYSIS/NOT_STISLA/bench_results/perf_matrix_20260425T102620Z/81_n1000000_q8192_h25_jitter_g8_j8_s257_t16.csv,ok
82,n1000000_q8192_h0_dense_g1_j0_s1_t16,1000000,8192,7,0,1,0,1,16,/mnt/external-nvme/BUGBOUNTY/DRIVER_ANALYSIS/NOT_STISLA/bench_results/perf_matrix_20260425T102620Z/82_n1000000_q8192_h0_dense_g1_j0_s1_t16.csv,ok
83,n1000000_q8192_h0_dense_g1_j0_s17_t16,1000000,8192,7,0,1,0,17,16,/mnt/external-nvme/BUGBOUNTY/DRIVER_ANALYSIS/NOT_STISLA/bench_results/perf_matrix_20260425T102620Z/83_n1000000_q8192_h0_dense_g1_j0_s17_t16.csv,ok
84,n1000000_q8192_h0_dense_g1_j0_s257_t16,1000000,8192,7,0,1,0,257,16,/mnt/external-nvme/BUGBOUNTY/DRIVER_ANALYSIS/NOT_STISLA/bench_results/perf_matrix_20260425T102620Z/84_n1000000_q8192_h0_dense_g1_j0_s257_t16.csv,ok
85,n1000000_q8192_h0_sparse_g16_j0_s1_t16,1000000,8192,7,0,16,0,1,16,/mnt/external-nvme/BUGBOUNTY/DRIVER_ANALYSIS/NOT_STISLA/bench_results/perf_matrix_20260425T102620Z/85_n1000000_q8192_h0_sparse_g16_j0_s1_t16.csv,ok
86,n1000000_q8192_h0_sparse_g16_j0_s17_t16,1000000,8192,7,0,16,0,17,16,/mnt/external-nvme/BUGBOUNTY/DRIVER_ANALYSIS/NOT_STISLA/bench_results/perf_matrix_20260425T102620Z/86_n1000000_q8192_h0_sparse_g16_j0_s17_t16.csv,ok
87,n1000000_q8192_h0_sparse_g16_j0_s257_t16,1000000,8192,7,0,16,0,257,16,/mnt/external-nvme/BUGBOUNTY/DRIVER_ANALYSIS/NOT_STISLA/bench_results/perf_matrix_20260425T102620Z/87_n1000000_q8192_h0_sparse_g16_j0_s257_t16.csv,ok
88,n1000000_q8192_h0_jitter_g8_j8_s1_t16,1000000,8192,7,0,8,8,1,16,/mnt/external-nvme/BUGBOUNTY/DRIVER_ANALYSIS/NOT_STISLA/bench_results/perf_matrix_20260425T102620Z/88_n1000000_q8192_h0_jitter_g8_j8_s1_t16.csv,ok
89,n1000000_q8192_h0_jitter_g8_j8_s17_t16,1000000,8192,7,0,8,8,17,16,/mnt/external-nvme/BUGBOUNTY/DRIVER_ANALYSIS/NOT_STISLA/bench_results/perf_matrix_20260425T102620Z/89_n1000000_q8192_h0_jitter_g8_j8_s17_t16.csv,ok
90,n1000000_q8192_h0_jitter_g8_j8_s257_t16,1000000,8192,7,0,8,8,257,16,/mnt/external-nvme/BUGBOUNTY/DRIVER_ANALYSIS/NOT_STISLA/bench_results/perf_matrix_20260425T102620Z/90_n1000000_q8192_h0_jitter_g8_j8_s257_t16.csv,ok
91,n1000000_q32768_h100_dense_g1_j0_s1_t16,1000000,32768,7,100,1,0,1,16,/mnt/external-nvme/BUGBOUNTY/DRIVER_ANALYSIS/NOT_STISLA/bench_results/perf_matrix_20260425T102620Z/91_n1000000_q32768_h100_dense_g1_j0_s1_t16.csv,ok
92,n1000000_q32768_h100_dense_g1_j0_s17_t16,1000000,32768,7,100,1,0,17,16,/mnt/external-nvme/BUGBOUNTY/DRIVER_ANALYSIS/NOT_STISLA/bench_results/perf_matrix_20260425T102620Z/92_n1000000_q32768_h100_dense_g1_j0_s17_t16.csv,ok
93,n1000000_q32768_h100_dense_g1_j0_s257_t16,1000000,32768,7,100,1,0,257,16,/mnt/external-nvme/BUGBOUNTY/DRIVER_ANALYSIS/NOT_STISLA/bench_results/perf_matrix_20260425T102620Z/93_n1000000_q32768_h100_dense_g1_j0_s257_t16.csv,ok
94,n1000000_q32768_h100_sparse_g16_j0_s1_t16,1000000,32768,7,100,16,0,1,16,/mnt/external-nvme/BUGBOUNTY/DRIVER_ANALYSIS/NOT_STISLA/bench_results/perf_matrix_20260425T102620Z/94_n1000000_q32768_h100_sparse_g16_j0_s1_t16.csv,ok
95,n1000000_q32768_h100_sparse_g16_j0_s17_t16,1000000,32768,7,100,16,0,17,16,/mnt/external-nvme/BUGBOUNTY/DRIVER_ANALYSIS/NOT_STISLA/bench_results/perf_matrix_20260425T102620Z/95_n1000000_q32768_h100_sparse_g16_j0_s17_t16.csv,ok
96,n1000000_q32768_h100_sparse_g16_j0_s257_t16,1000000,32768,7,100,16,0,257,16,/mnt/external-nvme/BUGBOUNTY/DRIVER_ANALYSIS/NOT_STISLA/bench_results/perf_matrix_20260425T102620Z/96_n1000000_q32768_h100_sparse_g16_j0_s257_t16.csv,ok
97,n1000000_q32768_h100_jitter_g8_j8_s1_t16,1000000,32768,7,100,8,8,1,16,/mnt/external-nvme/BUGBOUNTY/DRIVER_ANALYSIS/NOT_STISLA/bench_results/perf_matrix_20260425T102620Z/97_n1000000_q32768_h100_jitter_g8_j8_s1_t16.csv,ok
98,n1000000_q32768_h100_jitter_g8_j8_s17_t16,1000000,32768,7,100,8,8,17,16,/mnt/external-nvme/BUGBOUNTY/DRIVER_ANALYSIS/NOT_STISLA/bench_results/perf_matrix_20260425T102620Z/98_n1000000_q32768_h100_jitter_g8_j8_s17_t16.csv,ok
99,n1000000_q32768_h100_jitter_g8_j8_s257_t16,1000000,32768,7,100,8,8,257,16,/mnt/external-nvme/BUGBOUNTY/DRIVER_ANALYSIS/NOT_STISLA/bench_results/perf_matrix_20260425T102620Z/99_n1000000_q32768_h100_jitter_g8_j8_s257_t16.csv,ok
100,n1000000_q32768_h75_dense_g1_j0_s1_t16,1000000,32768,7,75,1,0,1,16,/mnt/external-nvme/BUGBOUNTY/DRIVER_ANALYSIS/NOT_STISLA/bench_results/perf_matrix_20260425T102620Z/100_n1000000_q32768_h75_dense_g1_j0_s1_t16.csv,ok
101,n1000000_q32768_h75_dense_g1_j0_s17_t16,1000000,32768,7,75,1,0,17,16,/mnt/external-nvme/BUGBOUNTY/DRIVER_ANALYSIS/NOT_STISLA/bench_results/perf_matrix_20260425T102620Z/101_n1000000_q32768_h75_dense_g1_j0_s17_t16.csv,ok
102,n1000000_q32768_h75_dense_g1_j0_s257_t16,1000000,32768,7,75,1,0,257,16,/mnt/external-nvme/BUGBOUNTY/DRIVER_ANALYSIS/NOT_STISLA/bench_results/perf_matrix_20260425T102620Z/102_n1000000_q32768_h75_dense_g1_j0_s257_t16.csv,ok
103,n1000000_q32768_h75_sparse_g16_j0_s1_t16,1000000,32768,7,75,16,0,1,16,/mnt/external-nvme/BUGBOUNTY/DRIVER_ANALYSIS/NOT_STISLA/bench_results/perf_matrix_20260425T102620Z/103_n1000000_q32768_h75_sparse_g16_j0_s1_t16.csv,ok
104,n1000000_q32768_h75_sparse_g16_j0_s17_t16,1000000,32768,7,75,16,0,17,16,/mnt/external-nvme/BUGBOUNTY/DRIVER_ANALYSIS/NOT_STISLA/bench_results/perf_matrix_20260425T102620Z/104_n1000000_q32768_h75_sparse_g16_j0_s17_t16.csv,ok
105,n1000000_q32768_h75_sparse_g16_j0_s257_t16,1000000,32768,7,75,16,0,257,16,/mnt/external-nvme/BUGBOUNTY/DRIVER_ANALYSIS/NOT_STISLA/bench_results/perf_matrix_20260425T102620Z/105_n1000000_q32768_h75_sparse_g16_j0_s257_t16.csv,ok
106,n1000000_q32768_h75_jitter_g8_j8_s1_t16,1000000,32768,7,75,8,8,1,16,/mnt/external-nvme/BUGBOUNTY/DRIVER_ANALYSIS/NOT_STISLA/bench_results/perf_matrix_20260425T102620Z/106_n1000000_q32768_h75_jitter_g8_j8_s1_t16.csv,ok
107,n1000000_q32768_h75_jitter_g8_j8_s17_t16,1000000,32768,7,75,8,8,17,16,/mnt/external-nvme/BUGBOUNTY/DRIVER_ANALYSIS/NOT_STISLA/bench_results/perf_matrix_20260425T102620Z/107_n1000000_q32768_h75_jitter_g8_j8_s17_t16.csv,ok
108,n1000000_q32768_h75_jitter_g8_j8_s257_t16,1000000,32768,7,75,8,8,257,16,/mnt/external-nvme/BUGBOUNTY/DRIVER_ANALYSIS/NOT_STISLA/bench_results/perf_matrix_20260425T102620Z/108_n1000000_q32768_h75_jitter_g8_j8_s257_t16.csv,ok
109,n1000000_q32768_h50_dense_g1_j0_s1_t16,1000000,32768,7,50,1,0,1,16,/mnt/external-nvme/BUGBOUNTY/DRIVER_ANALYSIS/NOT_STISLA/bench_results/perf_matrix_20260425T102620Z/109_n1000000_q32768_h50_dense_g1_j0_s1_t16.csv,ok
110,n1000000_q32768_h50_dense_g1_j0_s17_t16,1000000,32768,7,50,1,0,17,16,/mnt/external-nvme/BUGBOUNTY/DRIVER_ANALYSIS/NOT_STISLA/bench_results/perf_matrix_20260425T102620Z/110_n1000000_q32768_h50_dense_g1_j0_s17_t16.csv,ok
111,n1000000_q32768_h50_dense_g1_j0_s257_t16,1000000,32768,7,50,1,0,257,16,/mnt/external-nvme/BUGBOUNTY/DRIVER_ANALYSIS/NOT_STISLA/bench_results/perf_matrix_20260425T102620Z/111_n1000000_q32768_h50_dense_g1_j0_s257_t16.csv,ok
112,n1000000_q32768_h50_sparse_g16_j0_s1_t16,1000000,32768,7,50,16,0,1,16,/mnt/external-nvme/BUGBOUNTY/DRIVER_ANALYSIS/NOT_STISLA/bench_results/perf_matrix_20260425T102620Z/112_n1000000_q32768_h50_sparse_g16_j0_s1_t16.csv,ok
113,n1000000_q32768_h50_sparse_g16_j0_s17_t16,1000000,32768,7,50,16,0,17,16,/mnt/external-nvme/BUGBOUNTY/DRIVER_ANALYSIS/NOT_STISLA/bench_results/perf_matrix_20260425T102620Z/113_n1000000_q32768_h50_sparse_g16_j0_s17_t16.csv,ok
114,n1000000_q32768_h50_sparse_g16_j0_s257_t16,1000000,32768,7,50,16,0,257,16,/mnt/external-nvme/BUGBOUNTY/DRIVER_ANALYSIS/NOT_STISLA/bench_results/perf_matrix_20260425T102620Z/114_n1000000_q32768_h50_sparse_g16_j0_s257_t16.csv,ok
115,n1000000_q32768_h50_jitter_g8_j8_s1_t16,1000000,32768,7,50,8,8,1,16,/mnt/external-nvme/BUGBOUNTY/DRIVER_ANALYSIS/NOT_STISLA/bench_results/perf_matrix_20260425T102620Z/115_n1000000_q32768_h50_jitter_g8_j8_s1_t16.csv,ok
116,n1000000_q32768_h50_jitter_g8_j8_s17_t16,1000000,32768,7,50,8,8,17,16,/mnt/external-nvme/BUGBOUNTY/DRIVER_ANALYSIS/NOT_STISLA/bench_results/perf_matrix_20260425T102620Z/116_n1000000_q32768_h50_jitter_g8_j8_s17_t16.csv,ok
117,n1000000_q32768_h50_jitter_g8_j8_s257_t16,1000000,32768,7,50,8,8,257,16,/mnt/external-nvme/BUGBOUNTY/DRIVER_ANALYSIS/NOT_STISLA/bench_results/perf_matrix_20260425T102620Z/117_n1000000_q32768_h50_jitter_g8_j8_s257_t16.csv,ok
118,n1000000_q32768_h25_dense_g1_j0_s1_t16,1000000,32768,7,25,1,0,1,16,/mnt/external-nvme/BUGBOUNTY/DRIVER_ANALYSIS/NOT_STISLA/bench_results/perf_matrix_20260425T102620Z/118_n1000000_q32768_h25_dense_g1_j0_s1_t16.csv,ok
119,n1000000_q32768_h25_dense_g1_j0_s17_t16,1000000,32768,7,25,1,0,17,16,/mnt/external-nvme/BUGBOUNTY/DRIVER_ANALYSIS/NOT_STISLA/bench_results/perf_matrix_20260425T102620Z/119_n1000000_q32768_h25_dense_g1_j0_s17_t16.csv,ok
120,n1000000_q32768_h25_dense_g1_j0_s257_t16,1000000,32768,7,25,1,0,257,16,/mnt/external-nvme/BUGBOUNTY/DRIVER_ANALYSIS/NOT_STISLA/bench_results/perf_matrix_20260425T102620Z/120_n1000000_q32768_h25_dense_g1_j0_s257_t16.csv,ok
121,n1000000_q32768_h25_sparse_g16_j0_s1_t16,1000000,32768,7,25,16,0,1,16,/mnt/external-nvme/BUGBOUNTY/DRIVER_ANALYSIS/NOT_STISLA/bench_results/perf_matrix_20260425T102620Z/121_n1000000_q32768_h25_sparse_g16_j0_s1_t16.csv,ok
122,n1000000_q32768_h25_sparse_g16_j0_s17_t16,1000000,32768,7,25,16,0,17,16,/mnt/external-nvme/BUGBOUNTY/DRIVER_ANALYSIS/NOT_STISLA/bench_results/perf_matrix_20260425T102620Z/122_n1000000_q32768_h25_sparse_g16_j0_s17_t16.csv,ok
123,n1000000_q32768_h25_sparse_g16_j0_s257_t16,1000000,32768,7,25,16,0,257,16,/mnt/external-nvme/BUGBOUNTY/DRIVER_ANALYSIS/NOT_STISLA/bench_results/perf_matrix_20260425T102620Z/123_n1000000_q32768_h25_sparse_g16_j0_s257_t16.csv,ok
124,n1000000_q32768_h25_jitter_g8_j8_s1_t16,1000000,32768,7,25,8,8,1,16,/mnt/external-nvme/BUGBOUNTY/DRIVER_ANALYSIS/NOT_STISLA/bench_results/perf_matrix_20260425T102620Z/124_n1000000_q32768_h25_jitter_g8_j8_s1_t16.csv,ok
125,n1000000_q32768_h25_jitter_g8_j8_s17_t16,1000000,32768,7,25,8,8,17,16,/mnt/external-nvme/BUGBOUNTY/DRIVER_ANALYSIS/NOT_STISLA/bench_results/perf_matrix_20260425T102620Z/125_n1000000_q32768_h25_jitter_g8_j8_s17_t16.csv,ok
126,n1000000_q32768_h25_jitter_g8_j8_s257_t16,1000000,32768,7,25,8,8,257,16,/mnt/external-nvme/BUGBOUNTY/DRIVER_ANALYSIS/NOT_STISLA/bench_results/perf_matrix_20260425T102620Z/126_n1000000_q32768_h25_jitter_g8_j8_s257_t16.csv,ok
127,n1000000_q32768_h0_dense_g1_j0_s1_t16,1000000,32768,7,0,1,0,1,16,/mnt/external-nvme/BUGBOUNTY/DRIVER_ANALYSIS/NOT_STISLA/bench_results/perf_matrix_20260425T102620Z/127_n1000000_q32768_h0_dense_g1_j0_s1_t16.csv,ok
128,n1000000_q32768_h0_dense_g1_j0_s17_t16,1000000,32768,7,0,1,0,17,16,/mnt/external-nvme/BUGBOUNTY/DRIVER_ANALYSIS/NOT_STISLA/bench_results/perf_matrix_20260425T102620Z/128_n1000000_q32768_h0_dense_g1_j0_s17_t16.csv,ok
129,n1000000_q32768_h0_dense_g1_j0_s257_t16,1000000,32768,7,0,1,0,257,16,/mnt/external-nvme/BUGBOUNTY/DRIVER_ANALYSIS/NOT_STISLA/bench_results/perf_matrix_20260425T102620Z/129_n1000000_q32768_h0_dense_g1_j0_s257_t16.csv,ok
130,n1000000_q32768_h0_sparse_g16_j0_s1_t16,1000000,32768,7,0,16,0,1,16,/mnt/external-nvme/BUGBOUNTY/DRIVER_ANALYSIS/NOT_STISLA/bench_results/perf_matrix_20260425T102620Z/130_n1000000_q32768_h0_sparse_g16_j0_s1_t16.csv,ok
131,n1000000_q32768_h0_sparse_g16_j0_s17_t16,1000000,32768,7,0,16,0,17,16,/mnt/external-nvme/BUGBOUNTY/DRIVER_ANALYSIS/NOT_STISLA/bench_results/perf_matrix_20260425T102620Z/131_n1000000_q32768_h0_sparse_g16_j0_s17_t16.csv,ok
132,n1000000_q32768_h0_sparse_g16_j0_s257_t16,1000000,32768,7,0,16,0,257,16,/mnt/external-nvme/BUGBOUNTY/DRIVER_ANALYSIS/NOT_STISLA/bench_results/perf_matrix_20260425T102620Z/132_n1000000_q32768_h0_sparse_g16_j0_s257_t16.csv,ok
133,n1000000_q32768_h0_jitter_g8_j8_s1_t16,1000000,32768,7,0,8,8,1,16,/mnt/external-nvme/BUGBOUNTY/DRIVER_ANALYSIS/NOT_STISLA/bench_results/perf_matrix_20260425T102620Z/133_n1000000_q32768_h0_jitter_g8_j8_s1_t16.csv,ok
134,n1000000_q32768_h0_jitter_g8_j8_s17_t16,1000000,32768,7,0,8,8,17,16,/mnt/external-nvme/BUGBOUNTY/DRIVER_ANALYSIS/NOT_STISLA/bench_results/perf_matrix_20260425T102620Z/134_n1000000_q32768_h0_jitter_g8_j8_s17_t16.csv,ok
135,n1000000_q32768_h0_jitter_g8_j8_s257_t16,1000000,32768,7,0,8,8,257,16,/mnt/external-nvme/BUGBOUNTY/DRIVER_ANALYSIS/NOT_STISLA/bench_results/perf_matrix_20260425T102620Z/135_n1000000_q32768_h0_jitter_g8_j8_s257_t16.csv,ok
136,n1000000_q200000_h100_dense_g1_j0_s1_t16,1000000,200000,7,100,1,0,1,16,/mnt/external-nvme/BUGBOUNTY/DRIVER_ANALYSIS/NOT_STISLA/bench_results/perf_matrix_20260425T102620Z/136_n1000000_q200000_h100_dense_g1_j0_s1_t16.csv,ok
137,n1000000_q200000_h100_dense_g1_j0_s17_t16,1000000,200000,7,100,1,0,17,16,/mnt/external-nvme/BUGBOUNTY/DRIVER_ANALYSIS/NOT_STISLA/bench_results/perf_matrix_20260425T102620Z/137_n1000000_q200000_h100_dense_g1_j0_s17_t16.csv,ok
138,n1000000_q200000_h100_dense_g1_j0_s257_t16,1000000,200000,7,100,1,0,257,16,/mnt/external-nvme/BUGBOUNTY/DRIVER_ANALYSIS/NOT_STISLA/bench_results/perf_matrix_20260425T102620Z/138_n1000000_q200000_h100_dense_g1_j0_s257_t16.csv,ok
139,n1000000_q200000_h100_sparse_g16_j0_s1_t16,1000000,200000,7,100,16,0,1,16,/mnt/external-nvme/BUGBOUNTY/DRIVER_ANALYSIS/NOT_STISLA/bench_results/perf_matrix_20260425T102620Z/139_n1000000_q200000_h100_sparse_g16_j0_s1_t16.csv,ok
140,n1000000_q200000_h100_sparse_g16_j0_s17_t16,1000000,200000,7,100,16,0,17,16,/mnt/external-nvme/BUGBOUNTY/DRIVER_ANALYSIS/NOT_STISLA/bench_results/perf_matrix_20260425T102620Z/140_n1000000_q200000_h100_sparse_g16_j0_s17_t16.csv,ok
141,n1000000_q200000_h100_sparse_g16_j0_s257_t16,1000000,200000,7,100,16,0,257,16,/mnt/external-nvme/BUGBOUNTY/DRIVER_ANALYSIS/NOT_STISLA/bench_results/perf_matrix_20260425T102620Z/141_n1000000_q200000_h100_sparse_g16_j0_s257_t16.csv,ok
142,n1000000_q200000_h100_jitter_g8_j8_s1_t16,1000000,200000,7,100,8,8,1,16,/mnt/external-nvme/BUGBOUNTY/DRIVER_ANALYSIS/NOT_STISLA/bench_results/perf_matrix_20260425T102620Z/142_n1000000_q200000_h100_jitter_g8_j8_s1_t16.csv,ok
143,n1000000_q200000_h100_jitter_g8_j8_s17_t16,1000000,200000,7,100,8,8,17,16,/mnt/external-nvme/BUGBOUNTY/DRIVER_ANALYSIS/NOT_STISLA/bench_results/perf_matrix_20260425T102620Z/143_n1000000_q200000_h100_jitter_g8_j8_s17_t16.csv,ok
144,n1000000_q200000_h100_jitter_g8_j8_s257_t16,1000000,200000,7,100,8,8,257,16,/mnt/external-nvme/BUGBOUNTY/DRIVER_ANALYSIS/NOT_STISLA/bench_results/perf_matrix_20260425T102620Z/144_n1000000_q200000_h100_jitter_g8_j8_s257_t16.csv,ok
145,n1000000_q200000_h75_dense_g1_j0_s1_t16,1000000,200000,7,75,1,0,1,16,/mnt/external-nvme/BUGBOUNTY/DRIVER_ANALYSIS/NOT_STISLA/bench_results/perf_matrix_20260425T102620Z/145_n1000000_q200000_h75_dense_g1_j0_s1_t16.csv,ok
146,n1000000_q200000_h75_dense_g1_j0_s17_t16,1000000,200000,7,75,1,0,17,16,/mnt/external-nvme/BUGBOUNTY/DRIVER_ANALYSIS/NOT_STISLA/bench_results/perf_matrix_20260425T102620Z/146_n1000000_q200000_h75_dense_g1_j0_s17_t16.csv,ok
147,n1000000_q200000_h75_dense_g1_j0_s257_t16,1000000,200000,7,75,1,0,257,16,/mnt/external-nvme/BUGBOUNTY/DRIVER_ANALYSIS/NOT_STISLA/bench_results/perf_matrix_20260425T102620Z/147_n1000000_q200000_h75_dense_g1_j0_s257_t16.csv,ok
148,n1000000_q200000_h75_sparse_g16_j0_s1_t16,1000000,200000,7,75,16,0,1,16,/mnt/external-nvme/BUGBOUNTY/DRIVER_ANALYSIS/NOT_STISLA/bench_results/perf_matrix_20260425T102620Z/148_n1000000_q200000_h75_sparse_g16_j0_s1_t16.csv,ok
149,n1000000_q200000_h75_sparse_g16_j0_s17_t16,1000000,200000,7,75,16,0,17,16,/mnt/external-nvme/BUGBOUNTY/DRIVER_ANALYSIS/NOT_STISLA/bench_results/perf_matrix_20260425T102620Z/149_n1000000_q200000_h75_sparse_g16_j0_s17_t16.csv,ok
150,n1000000_q200000_h75_sparse_g16_j0_s257_t16,1000000,200000,7,75,16,0,257,16,/mnt/external-nvme/BUGBOUNTY/DRIVER_ANALYSIS/NOT_STISLA/bench_results/perf_matrix_20260425T102620Z/150_n1000000_q200000_h75_sparse_g16_j0_s257_t16.csv,ok
151,n1000000_q200000_h75_jitter_g8_j8_s1_t16,1000000,200000,7,75,8,8,1,16,/mnt/external-nvme/BUGBOUNTY/DRIVER_ANALYSIS/NOT_STISLA/bench_results/perf_matrix_20260425T102620Z/151_n1000000_q200000_h75_jitter_g8_j8_s1_t16.csv,ok
152,n1000000_q200000_h75_jitter_g8_j8_s17_t16,1000000,200000,7,75,8,8,17,16,/mnt/external-nvme/BUGBOUNTY/DRIVER_ANALYSIS/NOT_STISLA/bench_results/perf_matrix_20260425T102620Z/152_n1000000_q200000_h75_jitter_g8_j8_s17_t16.csv,ok
153,n1000000_q200000_h75_jitter_g8_j8_s257_t16,1000000,200000,7,75,8,8,257,16,/mnt/external-nvme/BUGBOUNTY/DRIVER_ANALYSIS/NOT_STISLA/bench_results/perf_matrix_20260425T102620Z/153_n1000000_q200000_h75_jitter_g8_j8_s257_t16.csv,ok
154,n1000000_q200000_h50_dense_g1_j0_s1_t16,1000000,200000,7,50,1,0,1,16,/mnt/external-nvme/BUGBOUNTY/DRIVER_ANALYSIS/NOT_STISLA/bench_results/perf_matrix_20260425T102620Z/154_n1000000_q200000_h50_dense_g1_j0_s1_t16.csv,ok
155,n1000000_q200000_h50_dense_g1_j0_s17_t16,1000000,200000,7,50,1,0,17,16,/mnt/external-nvme/BUGBOUNTY/DRIVER_ANALYSIS/NOT_STISLA/bench_results/perf_matrix_20260425T102620Z/155_n1000000_q200000_h50_dense_g1_j0_s17_t16.csv,ok
156,n1000000_q200000_h50_dense_g1_j0_s257_t16,1000000,200000,7,50,1,0,257,16,/mnt/external-nvme/BUGBOUNTY/DRIVER_ANALYSIS/NOT_STISLA/bench_results/perf_matrix_20260425T102620Z/156_n1000000_q200000_h50_dense_g1_j0_s257_t16.csv,ok
157,n1000000_q200000_h50_sparse_g16_j0_s1_t16,1000000,200000,7,50,16,0,1,16,/mnt/external-nvme/BUGBOUNTY/DRIVER_ANALYSIS/NOT_STISLA/bench_results/perf_matrix_20260425T102620Z/157_n1000000_q200000_h50_sparse_g16_j0_s1_t16.csv,ok
158,n1000000_q200000_h50_sparse_g16_j0_s17_t16,1000000,200000,7,50,16,0,17,16,/mnt/external-nvme/BUGBOUNTY/DRIVER_ANALYSIS/NOT_STISLA/bench_results/perf_matrix_20260425T102620Z/158_n1000000_q200000_h50_sparse_g16_j0_s17_t16.csv,ok
159,n1000000_q200000_h50_sparse_g16_j0_s257_t16,1000000,200000,7,50,16,0,257,16,/mnt/external-nvme/BUGBOUNTY/DRIVER_ANALYSIS/NOT_STISLA/bench_results/perf_matrix_20260425T102620Z/159_n1000000_q200000_h50_sparse_g16_j0_s257_t16.csv,ok
160,n1000000_q200000_h50_jitter_g8_j8_s1_t16,1000000,200000,7,50,8,8,1,16,/mnt/external-nvme/BUGBOUNTY/DRIVER_ANALYSIS/NOT_STISLA/bench_results/perf_matrix_20260425T102620Z/160_n1000000_q200000_h50_jitter_g8_j8_s1_t16.csv,ok
161,n1000000_q200000_h50_jitter_g8_j8_s17_t16,1000000,200000,7,50,8,8,17,16,/mnt/external-nvme/BUGBOUNTY/DRIVER_ANALYSIS/NOT_STISLA/bench_results/perf_matrix_20260425T102620Z/161_n1000000_q200000_h50_jitter_g8_j8_s17_t16.csv,ok
162,n1000000_q200000_h50_jitter_g8_j8_s257_t16,1000000,200000,7,50,8,8,257,16,/mnt/external-nvme/BUGBOUNTY/DRIVER_ANALYSIS/NOT_STISLA/bench_results/perf_matrix_20260425T102620Z/162_n1000000_q200000_h50_jitter_g8_j8_s257_t16.csv,ok
163,n1000000_q200000_h25_dense_g1_j0_s1_t16,1000000,200000,7,25,1,0,1,16,/mnt/external-nvme/BUGBOUNTY/DRIVER_ANALYSIS/NOT_STISLA/bench_results/perf_matrix_20260425T102620Z/163_n1000000_q200000_h25_dense_g1_j0_s1_t16.csv,ok
164,n1000000_q200000_h25_dense_g1_j0_s17_t16,1000000,200000,7,25,1,0,17,16,/mnt/external-nvme/BUGBOUNTY/DRIVER_ANALYSIS/NOT_STISLA/bench_results/perf_matrix_20260425T102620Z/164_n1000000_q200000_h25_dense_g1_j0_s17_t16.csv,ok
165,n1000000_q200000_h25_dense_g1_j0_s257_t16,1000000,200000,7,25,1,0,257,16,/mnt/external-nvme/BUGBOUNTY/DRIVER_ANALYSIS/NOT_STISLA/bench_results/perf_matrix_20260425T102620Z/165_n1000000_q200000_h25_dense_g1_j0_s257_t16.csv,ok
166,n1000000_q200000_h25_sparse_g16_j0_s1_t16,1000000,200000,7,25,16,0,1,16,/mnt/external-nvme/BUGBOUNTY/DRIVER_ANALYSIS/NOT_STISLA/bench_results/perf_matrix_20260425T102620Z/166_n1000000_q200000_h25_sparse_g16_j0_s1_t16.csv,ok
167,n1000000_q200000_h25_sparse_g16_j0_s17_t16,1000000,200000,7,25,16,0,17,16,/mnt/external-nvme/BUGBOUNTY/DRIVER_ANALYSIS/NOT_STISLA/bench_results/perf_matrix_20260425T102620Z/167_n1000000_q200000_h25_sparse_g16_j0_s17_t16.csv,ok
168,n1000000_q200000_h25_sparse_g16_j0_s257_t16,1000000,200000,7,25,16,0,257,16,/mnt/external-nvme/BUGBOUNTY/DRIVER_ANALYSIS/NOT_STISLA/bench_results/perf_matrix_20260425T102620Z/168_n1000000_q200000_h25_sparse_g16_j0_s257_t16.csv,ok
169,n1000000_q200000_h25_jitter_g8_j8_s1_t16,1000000,200000,7,25,8,8,1,16,/mnt/external-nvme/BUGBOUNTY/DRIVER_ANALYSIS/NOT_STISLA/bench_results/perf_matrix_20260425T102620Z/169_n1000000_q200000_h25_jitter_g8_j8_s1_t16.csv,ok
170,n1000000_q200000_h25_jitter_g8_j8_s17_t16,1000000,200000,7,25,8,8,17,16,/mnt/external-nvme/BUGBOUNTY/DRIVER_ANALYSIS/NOT_STISLA/bench_results/perf_matrix_20260425T102620Z/170_n1000000_q200000_h25_jitter_g8_j8_s17_t16.csv,ok
171,n1000000_q200000_h25_jitter_g8_j8_s257_t16,1000000,200000,7,25,8,8,257,16,/mnt/external-nvme/BUGBOUNTY/DRIVER_ANALYSIS/NOT_STISLA/bench_results/perf_matrix_20260425T102620Z/171_n1000000_q200000_h25_jitter_g8_j8_s257_t16.csv,ok
172,n1000000_q200000_h0_dense_g1_j0_s1_t16,1000000,200000,7,0,1,0,1,16,/mnt/external-nvme/BUGBOUNTY/DRIVER_ANALYSIS/NOT_STISLA/bench_results/perf_matrix_20260425T102620Z/172_n1000000_q200000_h0_dense_g1_j0_s1_t16.csv,ok
173,n1000000_q200000_h0_dense_g1_j0_s17_t16,1000000,200000,7,0,1,0,17,16,/mnt/external-nvme/BUGBOUNTY/DRIVER_ANALYSIS/NOT_STISLA/bench_results/perf_matrix_20260425T102620Z/173_n1000000_q200000_h0_dense_g1_j0_s17_t16.csv,ok
174,n1000000_q200000_h0_dense_g1_j0_s257_t16,1000000,200000,7,0,1,0,257,16,/mnt/external-nvme/BUGBOUNTY/DRIVER_ANALYSIS/NOT_STISLA/bench_results/perf_matrix_20260425T102620Z/174_n1000000_q200000_h0_dense_g1_j0_s257_t16.csv,ok
175,n1000000_q200000_h0_sparse_g16_j0_s1_t16,1000000,200000,7,0,16,0,1,16,/mnt/external-nvme/BUGBOUNTY/DRIVER_ANALYSIS/NOT_STISLA/bench_results/perf_matrix_20260425T102620Z/175_n1000000_q200000_h0_sparse_g16_j0_s1_t16.csv,ok
176,n1000000_q200000_h0_sparse_g16_j0_s17_t16,1000000,200000,7,0,16,0,17,16,/mnt/external-nvme/BUGBOUNTY/DRIVER_ANALYSIS/NOT_STISLA/bench_results/perf_matrix_20260425T102620Z/176_n1000000_q200000_h0_sparse_g16_j0_s17_t16.csv,ok
177,n1000000_q200000_h0_sparse_g16_j0_s257_t16,1000000,200000,7,0,16,0,257,16,/mnt/external-nvme/BUGBOUNTY/DRIVER_ANALYSIS/NOT_STISLA/bench_results/perf_matrix_20260425T102620Z/177_n1000000_q200000_h0_sparse_g16_j0_s257_t16.csv,ok
178,n1000000_q200000_h0_jitter_g8_j8_s1_t16,1000000,200000,7,0,8,8,1,16,/mnt/external-nvme/BUGBOUNTY/DRIVER_ANALYSIS/NOT_STISLA/bench_results/perf_matrix_20260425T102620Z/178_n1000000_q200000_h0_jitter_g8_j8_s1_t16.csv,ok
179,n1000000_q200000_h0_jitter_g8_j8_s17_t16,1000000,200000,7,0,8,8,17,16,/mnt/external-nvme/BUGBOUNTY/DRIVER_ANALYSIS/NOT_STISLA/bench_results/perf_matrix_20260425T102620Z/179_n1000000_q200000_h0_jitter_g8_j8_s17_t16.csv,ok
180,n1000000_q200000_h0_jitter_g8_j8_s257_t16,1000000,200000,7,0,8,8,257,16,/mnt/external-nvme/BUGBOUNTY/DRIVER_ANALYSIS/NOT_STISLA/bench_results/perf_matrix_20260425T102620Z/180_n1000000_q200000_h0_jitter_g8_j8_s257_t16.csv,ok
