case_id,profile,n,queries,runs,bench_mode,warmup_runs,hit_rate_pct,data_gap,data_gap_jitter,query_stride,threads,estimated_bytes,estimated_gib,ram_cap_pct,cap_bytes,mem_available_bytes,benchmark_csv,time_metrics_path,max_rss_kb,major_faults,minor_faults,elapsed,status
1,mem_n1000000_q1000000_h50_dense_g1_j0_s1_t16_mcold,1000000,1000000,3,cold,0,50,1,0,1,16,70400000,0.066,80,23013992038,28767490048,bench_results/roadmap_mixed_profiles_20260425T111019Z/1_mem_n1000000_q1000000_h50_dense_g1_j0_s1_t16_mcold.csv,bench_results/roadmap_mixed_profiles_20260425T111019Z/1_mem_n1000000_q1000000_h50_dense_g1_j0_s1_t16_mcold.time.txt,56748,0,21620,0:00.15,ok
2,mem_n1000000_q1000000_h50_dense_g1_j0_s1_t16_mwarm,1000000,1000000,3,warm,1,50,1,0,1,16,70400000,0.066,80,23013992038,28767490048,bench_results/roadmap_mixed_profiles_20260425T111019Z/2_mem_n1000000_q1000000_h50_dense_g1_j0_s1_t16_mwarm.csv,bench_results/roadmap_mixed_profiles_20260425T111019Z/2_mem_n1000000_q1000000_h50_dense_g1_j0_s1_t16_mwarm.time.txt,57060,0,25497,0:00.19,ok
3,mem_n1000000_q1000000_h50_dense_g1_j0_s17_t16_mcold,1000000,1000000,3,cold,0,50,1,0,17,16,70400000,0.066,80,23013992038,28767490048,bench_results/roadmap_mixed_profiles_20260425T111019Z/3_mem_n1000000_q1000000_h50_dense_g1_j0_s17_t16_mcold.csv,bench_results/roadmap_mixed_profiles_20260425T111019Z/3_mem_n1000000_q1000000_h50_dense_g1_j0_s17_t16_mcold.time.txt,56884,0,21625,0:00.18,ok
4,mem_n1000000_q1000000_h50_dense_g1_j0_s17_t16_mwarm,1000000,1000000,3,warm,1,50,1,0,17,16,70400000,0.066,80,23013992038,28767490048,bench_results/roadmap_mixed_profiles_20260425T111019Z/4_mem_n1000000_q1000000_h50_dense_g1_j0_s17_t16_mwarm.csv,bench_results/roadmap_mixed_profiles_20260425T111019Z/4_mem_n1000000_q1000000_h50_dense_g1_j0_s17_t16_mwarm.time.txt,57188,0,25496,0:00.23,ok
5,mem_n1000000_q1000000_h50_jitter_g8_j8_s1_t16_mcold,1000000,1000000,3,cold,0,50,8,8,1,16,70400000,0.066,80,23013992038,28767490048,bench_results/roadmap_mixed_profiles_20260425T111019Z/5_mem_n1000000_q1000000_h50_jitter_g8_j8_s1_t16_mcold.csv,bench_results/roadmap_mixed_profiles_20260425T111019Z/5_mem_n1000000_q1000000_h50_jitter_g8_j8_s1_t16_mcold.time.txt,57364,0,21623,0:00.14,ok
6,mem_n1000000_q1000000_h50_jitter_g8_j8_s1_t16_mwarm,1000000,1000000,3,warm,1,50,8,8,1,16,70400000,0.066,80,23013992038,28767490048,bench_results/roadmap_mixed_profiles_20260425T111019Z/6_mem_n1000000_q1000000_h50_jitter_g8_j8_s1_t16_mwarm.csv,bench_results/roadmap_mixed_profiles_20260425T111019Z/6_mem_n1000000_q1000000_h50_jitter_g8_j8_s1_t16_mwarm.time.txt,56608,0,25496,0:00.20,ok
7,mem_n1000000_q1000000_h50_jitter_g8_j8_s17_t16_mcold,1000000,1000000,3,cold,0,50,8,8,17,16,70400000,0.066,80,23013992038,28767490048,bench_results/roadmap_mixed_profiles_20260425T111019Z/7_mem_n1000000_q1000000_h50_jitter_g8_j8_s17_t16_mcold.csv,bench_results/roadmap_mixed_profiles_20260425T111019Z/7_mem_n1000000_q1000000_h50_jitter_g8_j8_s17_t16_mcold.time.txt,57240,0,21623,0:00.18,ok
8,mem_n1000000_q1000000_h50_jitter_g8_j8_s17_t16_mwarm,1000000,1000000,3,warm,1,50,8,8,17,16,70400000,0.066,80,23013992038,28767490048,bench_results/roadmap_mixed_profiles_20260425T111019Z/8_mem_n1000000_q1000000_h50_jitter_g8_j8_s17_t16_mwarm.csv,bench_results/roadmap_mixed_profiles_20260425T111019Z/8_mem_n1000000_q1000000_h50_jitter_g8_j8_s17_t16_mwarm.time.txt,57104,0,25501,0:00.23,ok
9,mem_n1000000_q1000000_h0_dense_g1_j0_s1_t16_mcold,1000000,1000000,3,cold,0,0,1,0,1,16,70400000,0.066,80,23013992038,28767490048,bench_results/roadmap_mixed_profiles_20260425T111019Z/9_mem_n1000000_q1000000_h0_dense_g1_j0_s1_t16_mcold.csv,bench_results/roadmap_mixed_profiles_20260425T111019Z/9_mem_n1000000_q1000000_h0_dense_g1_j0_s1_t16_mcold.time.txt,57232,0,21625,0:00.09,ok
10,mem_n1000000_q1000000_h0_dense_g1_j0_s1_t16_mwarm,1000000,1000000,3,warm,1,0,1,0,1,16,70400000,0.066,80,23013992038,28767490048,bench_results/roadmap_mixed_profiles_20260425T111019Z/10_mem_n1000000_q1000000_h0_dense_g1_j0_s1_t16_mwarm.csv,bench_results/roadmap_mixed_profiles_20260425T111019Z/10_mem_n1000000_q1000000_h0_dense_g1_j0_s1_t16_mwarm.time.txt,57060,0,25497,0:00.13,ok
11,mem_n1000000_q1000000_h0_dense_g1_j0_s17_t16_mcold,1000000,1000000,3,cold,0,0,1,0,17,16,70400000,0.066,80,23013992038,28767490048,bench_results/roadmap_mixed_profiles_20260425T111019Z/11_mem_n1000000_q1000000_h0_dense_g1_j0_s17_t16_mcold.csv,bench_results/roadmap_mixed_profiles_20260425T111019Z/11_mem_n1000000_q1000000_h0_dense_g1_j0_s17_t16_mcold.time.txt,56864,0,21623,0:00.10,ok
12,mem_n1000000_q1000000_h0_dense_g1_j0_s17_t16_mwarm,1000000,1000000,3,warm,1,0,1,0,17,16,70400000,0.066,80,23013992038,28767490048,bench_results/roadmap_mixed_profiles_20260425T111019Z/12_mem_n1000000_q1000000_h0_dense_g1_j0_s17_t16_mwarm.csv,bench_results/roadmap_mixed_profiles_20260425T111019Z/12_mem_n1000000_q1000000_h0_dense_g1_j0_s17_t16_mwarm.time.txt,57172,0,25497,0:00.12,ok
13,mem_n1000000_q1000000_h0_jitter_g8_j8_s1_t16_mcold,1000000,1000000,3,cold,0,0,8,8,1,16,70400000,0.066,80,23013992038,28767490048,bench_results/roadmap_mixed_profiles_20260425T111019Z/13_mem_n1000000_q1000000_h0_jitter_g8_j8_s1_t16_mcold.csv,bench_results/roadmap_mixed_profiles_20260425T111019Z/13_mem_n1000000_q1000000_h0_jitter_g8_j8_s1_t16_mcold.time.txt,56752,0,21622,0:00.10,ok
14,mem_n1000000_q1000000_h0_jitter_g8_j8_s1_t16_mwarm,1000000,1000000,3,warm,1,0,8,8,1,16,70400000,0.066,80,23013992038,28767490048,bench_results/roadmap_mixed_profiles_20260425T111019Z/14_mem_n1000000_q1000000_h0_jitter_g8_j8_s1_t16_mwarm.csv,bench_results/roadmap_mixed_profiles_20260425T111019Z/14_mem_n1000000_q1000000_h0_jitter_g8_j8_s1_t16_mwarm.time.txt,57068,0,25499,0:00.13,ok
15,mem_n1000000_q1000000_h0_jitter_g8_j8_s17_t16_mcold,1000000,1000000,3,cold,0,0,8,8,17,16,70400000,0.066,80,23013992038,28767490048,bench_results/roadmap_mixed_profiles_20260425T111019Z/15_mem_n1000000_q1000000_h0_jitter_g8_j8_s17_t16_mcold.csv,bench_results/roadmap_mixed_profiles_20260425T111019Z/15_mem_n1000000_q1000000_h0_jitter_g8_j8_s17_t16_mcold.time.txt,56876,0,21621,0:00.10,ok
16,mem_n1000000_q1000000_h0_jitter_g8_j8_s17_t16_mwarm,1000000,1000000,3,warm,1,0,8,8,17,16,70400000,0.066,80,23013992038,28767490048,bench_results/roadmap_mixed_profiles_20260425T111019Z/16_mem_n1000000_q1000000_h0_jitter_g8_j8_s17_t16_mwarm.csv,bench_results/roadmap_mixed_profiles_20260425T111019Z/16_mem_n1000000_q1000000_h0_jitter_g8_j8_s17_t16_mwarm.time.txt,56680,0,25493,0:00.13,ok
17,mem_n8000000_q1000000_h50_dense_g1_j0_s1_t16_mcold,8000000,1000000,3,cold,0,50,1,0,1,16,132000000,0.123,80,23013992038,28767490048,bench_results/roadmap_mixed_profiles_20260425T111019Z/17_mem_n8000000_q1000000_h50_dense_g1_j0_s1_t16_mcold.csv,bench_results/roadmap_mixed_profiles_20260425T111019Z/17_mem_n8000000_q1000000_h50_dense_g1_j0_s1_t16_mcold.time.txt,111616,0,35294,0:00.17,ok
18,mem_n8000000_q1000000_h50_dense_g1_j0_s1_t16_mwarm,8000000,1000000,3,warm,1,50,1,0,1,16,132000000,0.123,80,23013992038,28767490048,bench_results/roadmap_mixed_profiles_20260425T111019Z/18_mem_n8000000_q1000000_h50_dense_g1_j0_s1_t16_mwarm.csv,bench_results/roadmap_mixed_profiles_20260425T111019Z/18_mem_n8000000_q1000000_h50_dense_g1_j0_s1_t16_mwarm.time.txt,111692,0,39170,0:00.23,ok
19,mem_n8000000_q1000000_h50_dense_g1_j0_s17_t16_mcold,8000000,1000000,3,cold,0,50,1,0,17,16,132000000,0.123,80,23013992038,28767490048,bench_results/roadmap_mixed_profiles_20260425T111019Z/19_mem_n8000000_q1000000_h50_dense_g1_j0_s17_t16_mcold.csv,bench_results/roadmap_mixed_profiles_20260425T111019Z/19_mem_n8000000_q1000000_h50_dense_g1_j0_s17_t16_mcold.time.txt,111776,0,35297,0:00.24,ok
20,mem_n8000000_q1000000_h50_dense_g1_j0_s17_t16_mwarm,8000000,1000000,3,warm,1,50,1,0,17,16,132000000,0.123,80,23013992038,28767490048,bench_results/roadmap_mixed_profiles_20260425T111019Z/20_mem_n8000000_q1000000_h50_dense_g1_j0_s17_t16_mwarm.csv,bench_results/roadmap_mixed_profiles_20260425T111019Z/20_mem_n8000000_q1000000_h50_dense_g1_j0_s17_t16_mwarm.time.txt,111544,0,39170,0:00.30,ok
21,mem_n8000000_q1000000_h50_jitter_g8_j8_s1_t16_mcold,8000000,1000000,3,cold,0,50,8,8,1,16,132000000,0.123,80,23013992038,28767490048,bench_results/roadmap_mixed_profiles_20260425T111019Z/21_mem_n8000000_q1000000_h50_jitter_g8_j8_s1_t16_mcold.csv,bench_results/roadmap_mixed_profiles_20260425T111019Z/21_mem_n8000000_q1000000_h50_jitter_g8_j8_s1_t16_mcold.time.txt,112084,0,35293,0:00.18,ok
22,mem_n8000000_q1000000_h50_jitter_g8_j8_s1_t16_mwarm,8000000,1000000,3,warm,1,50,8,8,1,16,132000000,0.123,80,23013992038,28767490048,bench_results/roadmap_mixed_profiles_20260425T111019Z/22_mem_n8000000_q1000000_h50_jitter_g8_j8_s1_t16_mwarm.csv,bench_results/roadmap_mixed_profiles_20260425T111019Z/22_mem_n8000000_q1000000_h50_jitter_g8_j8_s1_t16_mwarm.time.txt,111448,0,39169,0:00.23,ok
23,mem_n8000000_q1000000_h50_jitter_g8_j8_s17_t16_mcold,8000000,1000000,3,cold,0,50,8,8,17,16,132000000,0.123,80,23013992038,28767490048,bench_results/roadmap_mixed_profiles_20260425T111019Z/23_mem_n8000000_q1000000_h50_jitter_g8_j8_s17_t16_mcold.csv,bench_results/roadmap_mixed_profiles_20260425T111019Z/23_mem_n8000000_q1000000_h50_jitter_g8_j8_s17_t16_mcold.time.txt,111784,0,35297,0:00.24,ok
24,mem_n8000000_q1000000_h50_jitter_g8_j8_s17_t16_mwarm,8000000,1000000,3,warm,1,50,8,8,17,16,132000000,0.123,80,23013992038,28767490048,bench_results/roadmap_mixed_profiles_20260425T111019Z/24_mem_n8000000_q1000000_h50_jitter_g8_j8_s17_t16_mwarm.csv,bench_results/roadmap_mixed_profiles_20260425T111019Z/24_mem_n8000000_q1000000_h50_jitter_g8_j8_s17_t16_mwarm.time.txt,111748,0,39170,0:00.31,ok
25,mem_n8000000_q1000000_h0_dense_g1_j0_s1_t16_mcold,8000000,1000000,3,cold,0,0,1,0,1,16,132000000,0.123,80,23013992038,28767490048,bench_results/roadmap_mixed_profiles_20260425T111019Z/25_mem_n8000000_q1000000_h0_dense_g1_j0_s1_t16_mcold.csv,bench_results/roadmap_mixed_profiles_20260425T111019Z/25_mem_n8000000_q1000000_h0_dense_g1_j0_s1_t16_mcold.time.txt,111736,0,35296,0:00.13,ok
26,mem_n8000000_q1000000_h0_dense_g1_j0_s1_t16_mwarm,8000000,1000000,3,warm,1,0,1,0,1,16,132000000,0.123,80,23013992038,28767490048,bench_results/roadmap_mixed_profiles_20260425T111019Z/26_mem_n8000000_q1000000_h0_dense_g1_j0_s1_t16_mwarm.csv,bench_results/roadmap_mixed_profiles_20260425T111019Z/26_mem_n8000000_q1000000_h0_dense_g1_j0_s1_t16_mwarm.time.txt,111428,0,39174,0:00.16,ok
27,mem_n8000000_q1000000_h0_dense_g1_j0_s17_t16_mcold,8000000,1000000,3,cold,0,0,1,0,17,16,132000000,0.123,80,23013992038,28767490048,bench_results/roadmap_mixed_profiles_20260425T111019Z/27_mem_n8000000_q1000000_h0_dense_g1_j0_s17_t16_mcold.csv,bench_results/roadmap_mixed_profiles_20260425T111019Z/27_mem_n8000000_q1000000_h0_dense_g1_j0_s17_t16_mcold.time.txt,111660,0,35295,0:00.13,ok
28,mem_n8000000_q1000000_h0_dense_g1_j0_s17_t16_mwarm,8000000,1000000,3,warm,1,0,1,0,17,16,132000000,0.123,80,23013992038,28767490048,bench_results/roadmap_mixed_profiles_20260425T111019Z/28_mem_n8000000_q1000000_h0_dense_g1_j0_s17_t16_mwarm.csv,bench_results/roadmap_mixed_profiles_20260425T111019Z/28_mem_n8000000_q1000000_h0_dense_g1_j0_s17_t16_mwarm.time.txt,111916,0,39169,0:00.16,ok
29,mem_n8000000_q1000000_h0_jitter_g8_j8_s1_t16_mcold,8000000,1000000,3,cold,0,0,8,8,1,16,132000000,0.123,80,23013992038,28767490048,bench_results/roadmap_mixed_profiles_20260425T111019Z/29_mem_n8000000_q1000000_h0_jitter_g8_j8_s1_t16_mcold.csv,bench_results/roadmap_mixed_profiles_20260425T111019Z/29_mem_n8000000_q1000000_h0_jitter_g8_j8_s1_t16_mcold.time.txt,111908,0,35298,0:00.13,ok
30,mem_n8000000_q1000000_h0_jitter_g8_j8_s1_t16_mwarm,8000000,1000000,3,warm,1,0,8,8,1,16,132000000,0.123,80,23013992038,28767490048,bench_results/roadmap_mixed_profiles_20260425T111019Z/30_mem_n8000000_q1000000_h0_jitter_g8_j8_s1_t16_mwarm.csv,bench_results/roadmap_mixed_profiles_20260425T111019Z/30_mem_n8000000_q1000000_h0_jitter_g8_j8_s1_t16_mwarm.time.txt,111624,0,39170,0:00.17,ok
31,mem_n8000000_q1000000_h0_jitter_g8_j8_s17_t16_mcold,8000000,1000000,3,cold,0,0,8,8,17,16,132000000,0.123,80,23013992038,28767490048,bench_results/roadmap_mixed_profiles_20260425T111019Z/31_mem_n8000000_q1000000_h0_jitter_g8_j8_s17_t16_mcold.csv,bench_results/roadmap_mixed_profiles_20260425T111019Z/31_mem_n8000000_q1000000_h0_jitter_g8_j8_s17_t16_mcold.time.txt,111932,0,35292,0:00.14,ok
32,mem_n8000000_q1000000_h0_jitter_g8_j8_s17_t16_mwarm,8000000,1000000,3,warm,1,0,8,8,17,16,132000000,0.123,80,23013992038,28767490048,bench_results/roadmap_mixed_profiles_20260425T111019Z/32_mem_n8000000_q1000000_h0_jitter_g8_j8_s17_t16_mwarm.csv,bench_results/roadmap_mixed_profiles_20260425T111019Z/32_mem_n8000000_q1000000_h0_jitter_g8_j8_s17_t16_mwarm.time.txt,111792,0,39171,0:00.17,ok
33,mem_n32000000_q1000000_h50_dense_g1_j0_s1_t16_mcold,32000000,1000000,3,cold,0,50,1,0,1,16,343200000,0.320,80,23013992038,28767490048,bench_results/roadmap_mixed_profiles_20260425T111019Z/33_mem_n32000000_q1000000_h50_dense_g1_j0_s1_t16_mcold.csv,bench_results/roadmap_mixed_profiles_20260425T111019Z/33_mem_n32000000_q1000000_h50_dense_g1_j0_s1_t16_mcold.time.txt,299092,0,82166,0:00.27,ok
34,mem_n32000000_q1000000_h50_dense_g1_j0_s1_t16_mwarm,32000000,1000000,3,warm,1,50,1,0,1,16,343200000,0.320,80,23013992038,28767490048,bench_results/roadmap_mixed_profiles_20260425T111019Z/34_mem_n32000000_q1000000_h50_dense_g1_j0_s1_t16_mwarm.csv,bench_results/roadmap_mixed_profiles_20260425T111019Z/34_mem_n32000000_q1000000_h50_dense_g1_j0_s1_t16_mwarm.time.txt,299412,0,86047,0:00.32,ok
35,mem_n32000000_q1000000_h50_dense_g1_j0_s17_t16_mcold,32000000,1000000,3,cold,0,50,1,0,17,16,343200000,0.320,80,23013992038,28767490048,bench_results/roadmap_mixed_profiles_20260425T111019Z/35_mem_n32000000_q1000000_h50_dense_g1_j0_s17_t16_mcold.csv,bench_results/roadmap_mixed_profiles_20260425T111019Z/35_mem_n32000000_q1000000_h50_dense_g1_j0_s17_t16_mcold.time.txt,299092,0,82166,0:00.33,ok
36,mem_n32000000_q1000000_h50_dense_g1_j0_s17_t16_mwarm,32000000,1000000,3,warm,1,50,1,0,17,16,343200000,0.320,80,23013992038,28767490048,bench_results/roadmap_mixed_profiles_20260425T111019Z/36_mem_n32000000_q1000000_h50_dense_g1_j0_s17_t16_mwarm.csv,bench_results/roadmap_mixed_profiles_20260425T111019Z/36_mem_n32000000_q1000000_h50_dense_g1_j0_s17_t16_mwarm.time.txt,299152,0,86044,0:00.39,ok
37,mem_n32000000_q1000000_h50_jitter_g8_j8_s1_t16_mcold,32000000,1000000,3,cold,0,50,8,8,1,16,343200000,0.320,80,23013992038,28767490048,bench_results/roadmap_mixed_profiles_20260425T111019Z/37_mem_n32000000_q1000000_h50_jitter_g8_j8_s1_t16_mcold.csv,bench_results/roadmap_mixed_profiles_20260425T111019Z/37_mem_n32000000_q1000000_h50_jitter_g8_j8_s1_t16_mcold.time.txt,298988,0,82171,0:00.29,ok
38,mem_n32000000_q1000000_h50_jitter_g8_j8_s1_t16_mwarm,32000000,1000000,3,warm,1,50,8,8,1,16,343200000,0.320,80,23013992038,28767490048,bench_results/roadmap_mixed_profiles_20260425T111019Z/38_mem_n32000000_q1000000_h50_jitter_g8_j8_s1_t16_mwarm.csv,bench_results/roadmap_mixed_profiles_20260425T111019Z/38_mem_n32000000_q1000000_h50_jitter_g8_j8_s1_t16_mwarm.time.txt,299420,0,86043,0:00.34,ok
39,mem_n32000000_q1000000_h50_jitter_g8_j8_s17_t16_mcold,32000000,1000000,3,cold,0,50,8,8,17,16,343200000,0.320,80,23013992038,28767490048,bench_results/roadmap_mixed_profiles_20260425T111019Z/39_mem_n32000000_q1000000_h50_jitter_g8_j8_s17_t16_mcold.csv,bench_results/roadmap_mixed_profiles_20260425T111019Z/39_mem_n32000000_q1000000_h50_jitter_g8_j8_s17_t16_mcold.time.txt,299244,0,82171,0:00.35,ok
40,mem_n32000000_q1000000_h50_jitter_g8_j8_s17_t16_mwarm,32000000,1000000,3,warm,1,50,8,8,17,16,343200000,0.320,80,23013992038,28767490048,bench_results/roadmap_mixed_profiles_20260425T111019Z/40_mem_n32000000_q1000000_h50_jitter_g8_j8_s17_t16_mwarm.csv,bench_results/roadmap_mixed_profiles_20260425T111019Z/40_mem_n32000000_q1000000_h50_jitter_g8_j8_s17_t16_mwarm.time.txt,299388,0,86048,0:00.41,ok
41,mem_n32000000_q1000000_h0_dense_g1_j0_s1_t16_mcold,32000000,1000000,3,cold,0,0,1,0,1,16,343200000,0.320,80,23013992038,28767490048,bench_results/roadmap_mixed_profiles_20260425T111019Z/41_mem_n32000000_q1000000_h0_dense_g1_j0_s1_t16_mcold.csv,bench_results/roadmap_mixed_profiles_20260425T111019Z/41_mem_n32000000_q1000000_h0_dense_g1_j0_s1_t16_mcold.time.txt,299116,0,82167,0:00.22,ok
42,mem_n32000000_q1000000_h0_dense_g1_j0_s1_t16_mwarm,32000000,1000000,3,warm,1,0,1,0,1,16,343200000,0.320,80,23013992038,28767490048,bench_results/roadmap_mixed_profiles_20260425T111019Z/42_mem_n32000000_q1000000_h0_dense_g1_j0_s1_t16_mwarm.csv,bench_results/roadmap_mixed_profiles_20260425T111019Z/42_mem_n32000000_q1000000_h0_dense_g1_j0_s1_t16_mwarm.time.txt,299244,0,86045,0:00.26,ok
43,mem_n32000000_q1000000_h0_dense_g1_j0_s17_t16_mcold,32000000,1000000,3,cold,0,0,1,0,17,16,343200000,0.320,80,23013992038,28767490048,bench_results/roadmap_mixed_profiles_20260425T111019Z/43_mem_n32000000_q1000000_h0_dense_g1_j0_s17_t16_mcold.csv,bench_results/roadmap_mixed_profiles_20260425T111019Z/43_mem_n32000000_q1000000_h0_dense_g1_j0_s17_t16_mcold.time.txt,299276,0,82169,0:00.22,ok
44,mem_n32000000_q1000000_h0_dense_g1_j0_s17_t16_mwarm,32000000,1000000,3,warm,1,0,1,0,17,16,343200000,0.320,80,23013992038,28767490048,bench_results/roadmap_mixed_profiles_20260425T111019Z/44_mem_n32000000_q1000000_h0_dense_g1_j0_s17_t16_mwarm.csv,bench_results/roadmap_mixed_profiles_20260425T111019Z/44_mem_n32000000_q1000000_h0_dense_g1_j0_s17_t16_mwarm.time.txt,299464,0,86045,0:00.25,ok
45,mem_n32000000_q1000000_h0_jitter_g8_j8_s1_t16_mcold,32000000,1000000,3,cold,0,0,8,8,1,16,343200000,0.320,80,23013992038,28767490048,bench_results/roadmap_mixed_profiles_20260425T111019Z/45_mem_n32000000_q1000000_h0_jitter_g8_j8_s1_t16_mcold.csv,bench_results/roadmap_mixed_profiles_20260425T111019Z/45_mem_n32000000_q1000000_h0_jitter_g8_j8_s1_t16_mcold.time.txt,299476,0,82171,0:00.24,ok
46,mem_n32000000_q1000000_h0_jitter_g8_j8_s1_t16_mwarm,32000000,1000000,3,warm,1,0,8,8,1,16,343200000,0.320,80,23013992038,28767490048,bench_results/roadmap_mixed_profiles_20260425T111019Z/46_mem_n32000000_q1000000_h0_jitter_g8_j8_s1_t16_mwarm.csv,bench_results/roadmap_mixed_profiles_20260425T111019Z/46_mem_n32000000_q1000000_h0_jitter_g8_j8_s1_t16_mwarm.time.txt,299232,0,86044,0:00.27,ok
47,mem_n32000000_q1000000_h0_jitter_g8_j8_s17_t16_mcold,32000000,1000000,3,cold,0,0,8,8,17,16,343200000,0.320,80,23013992038,28767490048,bench_results/roadmap_mixed_profiles_20260425T111019Z/47_mem_n32000000_q1000000_h0_jitter_g8_j8_s17_t16_mcold.csv,bench_results/roadmap_mixed_profiles_20260425T111019Z/47_mem_n32000000_q1000000_h0_jitter_g8_j8_s17_t16_mcold.time.txt,299136,0,82167,0:00.25,ok
48,mem_n32000000_q1000000_h0_jitter_g8_j8_s17_t16_mwarm,32000000,1000000,3,warm,1,0,8,8,17,16,343200000,0.320,80,23013992038,28767490048,bench_results/roadmap_mixed_profiles_20260425T111019Z/48_mem_n32000000_q1000000_h0_jitter_g8_j8_s17_t16_mwarm.csv,bench_results/roadmap_mixed_profiles_20260425T111019Z/48_mem_n32000000_q1000000_h0_jitter_g8_j8_s17_t16_mwarm.time.txt,299276,0,86045,0:00.28,ok
49,mem_n128000000_q1000000_h50_dense_g1_j0_s1_t16_mcold,128000000,1000000,3,cold,0,50,1,0,1,16,1188000000,1.106,80,23013992038,28767490048,bench_results/roadmap_mixed_profiles_20260425T111019Z/49_mem_n128000000_q1000000_h50_dense_g1_j0_s1_t16_mcold.csv,bench_results/roadmap_mixed_profiles_20260425T111019Z/49_mem_n128000000_q1000000_h50_dense_g1_j0_s1_t16_mcold.time.txt,1049276,0,269670,0:00.61,ok
50,mem_n128000000_q1000000_h50_dense_g1_j0_s1_t16_mwarm,128000000,1000000,3,warm,1,50,1,0,1,16,1188000000,1.106,80,23013992038,28767490048,bench_results/roadmap_mixed_profiles_20260425T111019Z/50_mem_n128000000_q1000000_h50_dense_g1_j0_s1_t16_mwarm.csv,bench_results/roadmap_mixed_profiles_20260425T111019Z/50_mem_n128000000_q1000000_h50_dense_g1_j0_s1_t16_mwarm.time.txt,1049448,0,273545,0:00.65,ok
51,mem_n128000000_q1000000_h50_dense_g1_j0_s17_t16_mcold,128000000,1000000,3,cold,0,50,1,0,17,16,1188000000,1.106,80,23013992038,28767490048,bench_results/roadmap_mixed_profiles_20260425T111019Z/51_mem_n128000000_q1000000_h50_dense_g1_j0_s17_t16_mcold.csv,bench_results/roadmap_mixed_profiles_20260425T111019Z/51_mem_n128000000_q1000000_h50_dense_g1_j0_s17_t16_mcold.time.txt,1049212,0,269668,0:00.67,ok
52,mem_n128000000_q1000000_h50_dense_g1_j0_s17_t16_mwarm,128000000,1000000,3,warm,1,50,1,0,17,16,1188000000,1.106,80,23013992038,28767490048,bench_results/roadmap_mixed_profiles_20260425T111019Z/52_mem_n128000000_q1000000_h50_dense_g1_j0_s17_t16_mwarm.csv,bench_results/roadmap_mixed_profiles_20260425T111019Z/52_mem_n128000000_q1000000_h50_dense_g1_j0_s17_t16_mwarm.time.txt,1049160,0,273545,0:00.74,ok
53,mem_n128000000_q1000000_h50_jitter_g8_j8_s1_t16_mcold,128000000,1000000,3,cold,0,50,8,8,1,16,1188000000,1.106,80,23013992038,28767490048,bench_results/roadmap_mixed_profiles_20260425T111019Z/53_mem_n128000000_q1000000_h50_jitter_g8_j8_s1_t16_mcold.csv,bench_results/roadmap_mixed_profiles_20260425T111019Z/53_mem_n128000000_q1000000_h50_jitter_g8_j8_s1_t16_mcold.time.txt,1048808,0,269668,0:00.69,ok
54,mem_n128000000_q1000000_h50_jitter_g8_j8_s1_t16_mwarm,128000000,1000000,3,warm,1,50,8,8,1,16,1188000000,1.106,80,23013992038,28767490048,bench_results/roadmap_mixed_profiles_20260425T111019Z/54_mem_n128000000_q1000000_h50_jitter_g8_j8_s1_t16_mwarm.csv,bench_results/roadmap_mixed_profiles_20260425T111019Z/54_mem_n128000000_q1000000_h50_jitter_g8_j8_s1_t16_mwarm.time.txt,1049092,0,273540,0:00.74,ok
55,mem_n128000000_q1000000_h50_jitter_g8_j8_s17_t16_mcold,128000000,1000000,3,cold,0,50,8,8,17,16,1188000000,1.106,80,23013992038,28767490048,bench_results/roadmap_mixed_profiles_20260425T111019Z/55_mem_n128000000_q1000000_h50_jitter_g8_j8_s17_t16_mcold.csv,bench_results/roadmap_mixed_profiles_20260425T111019Z/55_mem_n128000000_q1000000_h50_jitter_g8_j8_s17_t16_mcold.time.txt,1049108,0,269670,0:00.75,ok
56,mem_n128000000_q1000000_h50_jitter_g8_j8_s17_t16_mwarm,128000000,1000000,3,warm,1,50,8,8,17,16,1188000000,1.106,80,23013992038,28767490048,bench_results/roadmap_mixed_profiles_20260425T111019Z/56_mem_n128000000_q1000000_h50_jitter_g8_j8_s17_t16_mwarm.csv,bench_results/roadmap_mixed_profiles_20260425T111019Z/56_mem_n128000000_q1000000_h50_jitter_g8_j8_s17_t16_mwarm.time.txt,1049072,0,273542,0:00.80,ok
57,mem_n128000000_q1000000_h0_dense_g1_j0_s1_t16_mcold,128000000,1000000,3,cold,0,0,1,0,1,16,1188000000,1.106,80,23013992038,28767490048,bench_results/roadmap_mixed_profiles_20260425T111019Z/57_mem_n128000000_q1000000_h0_dense_g1_j0_s1_t16_mcold.csv,bench_results/roadmap_mixed_profiles_20260425T111019Z/57_mem_n128000000_q1000000_h0_dense_g1_j0_s1_t16_mcold.time.txt,1049396,0,269671,0:00.58,ok
58,mem_n128000000_q1000000_h0_dense_g1_j0_s1_t16_mwarm,128000000,1000000,3,warm,1,0,1,0,1,16,1188000000,1.106,80,23013992038,28767490048,bench_results/roadmap_mixed_profiles_20260425T111019Z/58_mem_n128000000_q1000000_h0_dense_g1_j0_s1_t16_mwarm.csv,bench_results/roadmap_mixed_profiles_20260425T111019Z/58_mem_n128000000_q1000000_h0_dense_g1_j0_s1_t16_mwarm.time.txt,1049288,0,273545,0:00.61,ok
59,mem_n128000000_q1000000_h0_dense_g1_j0_s17_t16_mcold,128000000,1000000,3,cold,0,0,1,0,17,16,1188000000,1.106,80,23013992038,28767490048,bench_results/roadmap_mixed_profiles_20260425T111019Z/59_mem_n128000000_q1000000_h0_dense_g1_j0_s17_t16_mcold.csv,bench_results/roadmap_mixed_profiles_20260425T111019Z/59_mem_n128000000_q1000000_h0_dense_g1_j0_s17_t16_mcold.time.txt,1049364,0,269671,0:00.57,ok
60,mem_n128000000_q1000000_h0_dense_g1_j0_s17_t16_mwarm,128000000,1000000,3,warm,1,0,1,0,17,16,1188000000,1.106,80,23013992038,28767490048,bench_results/roadmap_mixed_profiles_20260425T111019Z/60_mem_n128000000_q1000000_h0_dense_g1_j0_s17_t16_mwarm.csv,bench_results/roadmap_mixed_profiles_20260425T111019Z/60_mem_n128000000_q1000000_h0_dense_g1_j0_s17_t16_mwarm.time.txt,1048948,0,273545,0:00.60,ok
61,mem_n128000000_q1000000_h0_jitter_g8_j8_s1_t16_mcold,128000000,1000000,3,cold,0,0,8,8,1,16,1188000000,1.106,80,23013992038,28767490048,bench_results/roadmap_mixed_profiles_20260425T111019Z/61_mem_n128000000_q1000000_h0_jitter_g8_j8_s1_t16_mcold.csv,bench_results/roadmap_mixed_profiles_20260425T111019Z/61_mem_n128000000_q1000000_h0_jitter_g8_j8_s1_t16_mcold.time.txt,1049032,0,269669,0:00.66,ok
62,mem_n128000000_q1000000_h0_jitter_g8_j8_s1_t16_mwarm,128000000,1000000,3,warm,1,0,8,8,1,16,1188000000,1.106,80,23013992038,28767490048,bench_results/roadmap_mixed_profiles_20260425T111019Z/62_mem_n128000000_q1000000_h0_jitter_g8_j8_s1_t16_mwarm.csv,bench_results/roadmap_mixed_profiles_20260425T111019Z/62_mem_n128000000_q1000000_h0_jitter_g8_j8_s1_t16_mwarm.time.txt,1049080,0,273544,0:00.68,ok
63,mem_n128000000_q1000000_h0_jitter_g8_j8_s17_t16_mcold,128000000,1000000,3,cold,0,0,8,8,17,16,1188000000,1.106,80,23013992038,28767490048,bench_results/roadmap_mixed_profiles_20260425T111019Z/63_mem_n128000000_q1000000_h0_jitter_g8_j8_s17_t16_mcold.csv,bench_results/roadmap_mixed_profiles_20260425T111019Z/63_mem_n128000000_q1000000_h0_jitter_g8_j8_s17_t16_mcold.time.txt,1049212,0,269669,0:00.65,ok
64,mem_n128000000_q1000000_h0_jitter_g8_j8_s17_t16_mwarm,128000000,1000000,3,warm,1,0,8,8,17,16,1188000000,1.106,80,23013992038,28767490048,bench_results/roadmap_mixed_profiles_20260425T111019Z/64_mem_n128000000_q1000000_h0_jitter_g8_j8_s17_t16_mwarm.csv,bench_results/roadmap_mixed_profiles_20260425T111019Z/64_mem_n128000000_q1000000_h0_jitter_g8_j8_s17_t16_mwarm.time.txt,1048860,0,273546,0:00.69,ok
